Workbook

Sheet Dashboard
A1: 📊 JOB APPLICATION DASHBOARD
A3: TOTAL APPLICATIONS | C3: INTERVIEWS | E3: FOLLOW-UPS | G3: OFFERS
A4: =COUNTIF(Applications!B2:B501,"<>") | C4: =COUNTIF(Applications!G2:G501,"Interview") | E4: =COUNTIF(Applications!M2:M501,"TODAY")+COUNTIF(Applications!M2:M501,"OVERDUE") | G4: =COUNTIF(Applications!G2:G501,"Offer")
A7: INTERVIEW RATE | B7: =IFERROR(C4/A4,0) | C7: OFFER RATE | D7: =IFERROR(H4/A4,0)
A10: STATUS | B10: COUNT | D10: SOURCE | E10: APPLICATIONS | G10: FOLLOW-UP | H10: COUNT
A11: Applied | B11: =COUNTIF(Applications!G2:G501,A11) | D11: LinkedIn | E11: =COUNTIF(Applications!E2:E501,D11) | G11: OVERDUE | H11: =COUNTIF(Applications!M2:M501,G11)
A12: Interview | B12: =COUNTIF(Applications!G2:G501,A12) | D12: Naukri | E12: =COUNTIF(Applications!E2:E501,D12) | G12: TODAY | H12: =COUNTIF(Applications!M2:M501,G12)
A13: Follow Up | B13: =COUNTIF(Applications!G2:G501,A13) | D13: Indeed | E13: =COUNTIF(Applications!E2:E501,D13) | G13: UPCOMING | H13: =COUNTIF(Applications!M2:M501,G13)
A14: Rejected | B14: =COUNTIF(Applications!G2:G501,A14) | D14: Company Website | E14: =COUNTIF(Applications!E2:E501,D14) | G14: NO DATE | H14: =COUNTIF(Applications!M2:M501,G14)
A15: Offer | B15: =COUNTIF(Applications!G2:G501,A15) | D15: Referral | E15: =COUNTIF(Applications!E2:E501,D15)
A16: Withdrawn | B16: =COUNTIF(Applications!G2:G501,A16) | D16: Other | E16: =COUNTIF(Applications!E2:E501,D16)

Sheet Applications
A1: Date Applied | B1: Company | C1: Role | D1: Job Link | E1: Source | F1: Resume Version | G1: Status | H1: Contact Person | I1: Contact Email | J1: Follow-Up Date | K1: Last Follow-Up | L1: Days Since Applied | M1: Follow-Up Status | N1: Priority | O1: Salary / CTC | P1: Location | Q1: Skill Match % | R1: Notes
L2: =IF(A2="","",TODAY()-A2) | M2: =IF(G2="Rejected","",IF(J2="","No Date",IF(J2<TODAY(),"OVERDUE",IF(J2=TODAY(),"TODAY","UPCOMING"))))
L3: =IF(A3="","",TODAY()-A3) | M3: =IF(G3="Rejected","",IF(J3="","No Date",IF(J3<TODAY(),"OVERDUE",IF(J3=TODAY(),"TODAY","UPCOMING"))))
L4: =IF(A4="","",TODAY()-A4) | M4: =IF(G4="Rejected","",IF(J4="","No Date",IF(J4<TODAY(),"OVERDUE",IF(J4=TODAY(),"TODAY","UPCOMING"))))
L5: =IF(A5="","",TODAY()-A5) | M5: =IF(G5="Rejected","",IF(J5="","No Date",IF(J5<TODAY(),"OVERDUE",IF(J5=TODAY(),"TODAY","UPCOMING"))))
L6: =IF(A6="","",TODAY()-A6) | M6: =IF(G6="Rejected","",IF(J6="","No Date",IF(J6<TODAY(),"OVERDUE",IF(J6=TODAY(),"TODAY","UPCOMING"))))
L7: =IF(A7="","",TODAY()-A7) | M7: =IF(G7="Rejected","",IF(J7="","No Date",IF(J7<TODAY(),"OVERDUE",IF(J7=TODAY(),"TODAY","UPCOMING"))))
L8: =IF(A8="","",TODAY()-A8) | M8: =IF(G8="Rejected","",IF(J8="","No Date",IF(J8<TODAY(),"OVERDUE",IF(J8=TODAY(),"TODAY","UPCOMING"))))
L9: =IF(A9="","",TODAY()-A9) | M9: =IF(G9="Rejected","",IF(J9="","No Date",IF(J9<TODAY(),"OVERDUE",IF(J9=TODAY(),"TODAY","UPCOMING"))))
L10: =IF(A10="","",TODAY()-A10) | M10: =IF(G10="Rejected","",IF(J10="","No Date",IF(J10<TODAY(),"OVERDUE",IF(J10=TODAY(),"TODAY","UPCOMING"))))
L11: =IF(A11="","",TODAY()-A11) | M11: =IF(G11="Rejected","",IF(J11="","No Date",IF(J11<TODAY(),"OVERDUE",IF(J11=TODAY(),"TODAY","UPCOMING"))))
L12: =IF(A12="","",TODAY()-A12) | M12: =IF(G12="Rejected","",IF(J12="","No Date",IF(J12<TODAY(),"OVERDUE",IF(J12=TODAY(),"TODAY","UPCOMING"))))
L13: =IF(A13="","",TODAY()-A13) | M13: =IF(G13="Rejected","",IF(J13="","No Date",IF(J13<TODAY(),"OVERDUE",IF(J13=TODAY(),"TODAY","UPCOMING"))))
... L501: =IF(A501="","",TODAY()-A501) | M501: =IF(G501="Rejected","",IF(J501="","No Date",IF(J501<TODAY(),"OVERDUE",IF(J501=TODAY(),"TODAY","UPCOMING"))))

Sheet Lists
A1: Source | B1: Resume Version | C1: Status | D1: Priority | E1: Location
A2: LinkedIn | B2: Data Analyst | C2: Applied | D2: High | E2: Delhi
A3: Naukri | B3: BI Analyst | C3: Interview | D3: Medium | E3: Noida
A4: Indeed | B4: General Data | C4: Follow Up | D4: Low | E4: Gurgaon
A5: Company Website | B5: Experienced Data Analyst | C5: Rejected | E5: Bangalore
A6: Referral | B6: Other | C6: Offer | E6: Hyderabad
A7: Other | C7: Withdrawn | E7: Pune
E8: Remote
E9: Other

Sheet Interviews
A1: Company | B1: Role | C1: Interview Date | D1: Round | E1: Interviewer | F1: Interview Type | G1: Result | H1: Next Round | I1: Notes

Sheet Companies
A1: Company | B1: Industry | C1: Location | D1: Website | E1: Careers Link | F1: Contact Person | G1: Contact Email | H1: Notes

Sheet Instructions
A1: JOB APPLICATION TRACKER — QUICK GUIDE
A2: 1 | B2: Enter each application on the Applications sheet. Use the dropdowns wherever available.
A3: 2 | B3: Use Ctrl + T if you add rows beyond the prepared area, or simply type in the next blank row.
A4: 3 | B4: Enter a Follow-Up Date when you want to contact the recruiter. Follow-Up Status updates automatically.
A5: 4 | B5: Days Since Applied updates automatically using TODAY().
A6: 5 | B6: Skill Match % can be entered as 0%–100% based on how closely the job matches your skills.
A7: 6 | B7: Use the Dashboard to monitor applications, interviews, offers, sources, and follow-ups.
A8: 7 | B8: Use the Interviews sheet for round-by-round interview tracking.
A9: 8 | B9: Use the Companies sheet as a research/contact database.
A10: 9 | B10: This workbook uses Excel 2019-compatible formulas; it does not require XLOOKUP, FILTER, SORT, or dynamic arrays.
